StartDate,EndDate,Status,IPAddress,Progress,Duration (in seconds),Finished,RecordedDate,ResponseId,RecipientLastName,RecipientFirstName,RecipientEmail,ExternalReference,LocationLatitude,LocationLongitude,DistributionChannel,UserLanguage,Q1_4,Q1_5,Q1_6,Q6,Q6_4_TEXT,Q18,Q10_1,Q10_2,Q10_3,Q10_4,Q10_5,Q10_6,Q10_7,Q10_8,Q10_9,Q10_10,Q10_11,Q28,Q15_1,Q16,Q16_5_TEXT,Q11_1,Q11_2,Q11_3,Q11_4,Q11_5,Q22_1,Q12_1,Q12_2,Q12_3,Q12_4,Q12_5,Q12_6,Q12_7,Q12_8,Q12_9,Q12_10,Q12_11,Q13,Q13_1_TEXT,Q23_1,Q23_2,Q23_3,Q23_4,Q23_5,Q23_6,Q23_7,Q23_8,Q23_9,Q23_10,Q23_11,Q8_1,Q8_2,Q8_3,Q8_4,Q8_5,Q8_6,Q8_7,Q8_8,Q8_9,Q8_10,Q8_11,Q7_1,Q7_1_TEXT,Q7_2,Q7_2_TEXT,Q7_3,Q7_3_TEXT,Q19_1,Q19_1_TEXT,Q19_2,Q19_2_TEXT,Q19_3,Q19_3_TEXT,Q20_1,Q20_1_TEXT,Q20_2,Q20_2_TEXT,Q20_3,Q20_3_TEXT,Q14,Q32#1_1,Q32#1_2,Q32#1_3,Q32#1_4,Q28_1,Q28_2,Q28_3,Q28_4,Q28_5,Q28_5_TEXT,Q26,Q25,Q31_1,Q31_2,Q31_3,Q31_4,Q31_5,Q31_6,Q29,Q33_Browser,Q33_Version,Q33_Operating System,Q33_Resolution,Q34_First Click,Q34_Last Click,Q34_Page Submit,Q34_Click Count
Start Date,End Date,Response Type,IP Address,Progress,Duration (in seconds),Finished,Recorded Date,Response ID,Recipient Last Name,Recipient First Name,Recipient Email,External Data Reference,Location Latitude,Location Longitude,Distribution Channel,User Language,Contato (opcional) - Nome,Contato (opcional) - E-mail,Contato (opcional) - Telefone,Descreva a ocupação que você mais se identifica? - Selected Choice,Descreva a ocupação que você mais se identifica? - Outro - Texto,Em qual região do Brasil está localizada a sua propriedade/território?,Qual tamanho da área (hectares) manejada com as seguintes culturas olerícolas em sua propriedade/território. Selecione apenas as que se aplica. Arraste para o lado para selecionar a quantidade. - Alho,Qual tamanho da área (hectares) manejada com as seguintes culturas olerícolas em sua propriedade/território. Selecione apenas as que se aplica. Arraste para o lado para selecionar a quantidade. - Batata-doce,Qual tamanho da área (hectares) manejada com as seguintes culturas olerícolas em sua propriedade/território. Selecione apenas as que se aplica. Arraste para o lado para selecionar a quantidade. - Batata-inglesa,Qual tamanho da área (hectares) manejada com as seguintes culturas olerícolas em sua propriedade/território. Selecione apenas as que se aplica. Arraste para o lado para selecionar a quantidade. - Beterraba,Qual tamanho da área (hectares) manejada com as seguintes culturas olerícolas em sua propriedade/território. Selecione apenas as que se aplica. Arraste para o lado para selecionar a quantidade. - Cebola,Qual tamanho da área (hectares) manejada com as seguintes culturas olerícolas em sua propriedade/território. Selecione apenas as que se aplica. Arraste para o lado para selecionar a quantidade. - Cenoura,Qual tamanho da área (hectares) manejada com as seguintes culturas olerícolas em sua propriedade/território. Selecione apenas as que se aplica. Arraste para o lado para selecionar a quantidade. - Repolho,Qual tamanho da área (hectares) manejada com as seguintes culturas olerícolas em sua propriedade/território. Selecione apenas as que se aplica. Arraste para o lado para selecionar a quantidade. - Tomate Mesa,Qual tamanho da área (hectares) manejada com as seguintes culturas olerícolas em sua propriedade/território. Selecione apenas as que se aplica. Arraste para o lado para selecionar a quantidade. - Tomate Indústria,Qual tamanho da área (hectares) manejada com as seguintes culturas olerícolas em sua propriedade/território. Selecione apenas as que se aplica. Arraste para o lado para selecionar a quantidade. - Melão,Qual tamanho da área (hectares) manejada com as seguintes culturas olerícolas em sua propriedade/território. Selecione apenas as que se aplica. Arraste para o lado para selecionar a quantidade. - Melancia,Qual a época de plantio das culturas olerícolas?,Qual a percentagem de cultivo de olerícolas irrigado em sua propriedade/território? Arraste para o lado para selecionar a quantidade. - %,Qual tipo de irrigação usado? Selecione todas que se aplica. - Selected Choice,Qual tipo de irrigação usado? Selecione todas que se aplica. - Outro - Texto,Coloque em ordem o principal método de controle de plantas daninhas sua área de manejo com olerícolas? Sendo 1 o método de controle mais usado. Arraste para colocar na ordem. - Controle químico (ex. herbicidas),Coloque em ordem o principal método de controle de plantas daninhas sua área de manejo com olerícolas? Sendo 1 o método de controle mais usado. Arraste para colocar na ordem. - Controle manual (ex. arranquio),Coloque em ordem o principal método de controle de plantas daninhas sua área de manejo com olerícolas? Sendo 1 o método de controle mais usado. Arraste para colocar na ordem. - Controle mecânico (ex. enxada),Coloque em ordem o principal método de controle de plantas daninhas sua área de manejo com olerícolas? Sendo 1 o método de controle mais usado. Arraste para colocar na ordem. - Controle cultural (ex. espaçamento),Coloque em ordem o principal método de controle de plantas daninhas sua área de manejo com olerícolas? Sendo 1 o método de controle mais usado. Arraste para colocar na ordem. - Controle físico (ex. plástico-mulching),"Em uma escala de 0 (péssimo) e 100 (ótimo), qual o nível de controle de plantas daninhas em sua área de manejo? Arraste para o lado para selecionar o nível de controle. - Controle",Escreva o nome da planta daninha mais problemática para cada cultura olerícola em sua propriedade/território. Responda apenas as culturas que se aplica. - Alho,Escreva o nome da planta daninha mais problemática para cada cultura olerícola em sua propriedade/território. Responda apenas as culturas que se aplica. - Batata-doce,Escreva o nome da planta daninha mais problemática para cada cultura olerícola em sua propriedade/território. Responda apenas as culturas que se aplica. - Batata-inglesa,Escreva o nome da planta daninha mais problemática para cada cultura olerícola em sua propriedade/território. Responda apenas as culturas que se aplica. - Beterraba,Escreva o nome da planta daninha mais problemática para cada cultura olerícola em sua propriedade/território. Responda apenas as culturas que se aplica. - Cebola,Escreva o nome da planta daninha mais problemática para cada cultura olerícola em sua propriedade/território. Responda apenas as culturas que se aplica. - Cenoura,Escreva o nome da planta daninha mais problemática para cada cultura olerícola em sua propriedade/território. Responda apenas as culturas que se aplica. - Repolho,Escreva o nome da planta daninha mais problemática para cada cultura olerícola em sua propriedade/território. Responda apenas as culturas que se aplica. - Tomate Mesa,Escreva o nome da planta daninha mais problemática para cada cultura olerícola em sua propriedade/território. Responda apenas as culturas que se aplica. - Tomate Indústria,Escreva o nome da planta daninha mais problemática para cada cultura olerícola em sua propriedade/território. Responda apenas as culturas que se aplica. - Melão,Escreva o nome da planta daninha mais problemática para cada cultura olerícola em sua propriedade/território. Responda apenas as culturas que se aplica. - Melancia,"Você maneja planta daninha resistente a herbicidas em culturas olerícolas? Se sim, qual? - Selected Choice","Você maneja planta daninha resistente a herbicidas em culturas olerícolas? Se sim, qual? - Sim - Texto",Qual o custo médio por hectares (R$/ha) para o controle de plantas daninhas em sua área de manejo.  Selecione apenas as que se aplica em sua propriedade/território. Arraste para o lado para selecionar o valor. - Alho,Qual o custo médio por hectares (R$/ha) para o controle de plantas daninhas em sua área de manejo.  Selecione apenas as que se aplica em sua propriedade/território. Arraste para o lado para selecionar o valor. - Batata-doce,Qual o custo médio por hectares (R$/ha) para o controle de plantas daninhas em sua área de manejo.  Selecione apenas as que se aplica em sua propriedade/território. Arraste para o lado para selecionar o valor. - Batata-inglesa,Qual o custo médio por hectares (R$/ha) para o controle de plantas daninhas em sua área de manejo.  Selecione apenas as que se aplica em sua propriedade/território. Arraste para o lado para selecionar o valor. - Beterraba,Qual o custo médio por hectares (R$/ha) para o controle de plantas daninhas em sua área de manejo.  Selecione apenas as que se aplica em sua propriedade/território. Arraste para o lado para selecionar o valor. - Cebola,Qual o custo médio por hectares (R$/ha) para o controle de plantas daninhas em sua área de manejo.  Selecione apenas as que se aplica em sua propriedade/território. Arraste para o lado para selecionar o valor. - Cenoura,Qual o custo médio por hectares (R$/ha) para o controle de plantas daninhas em sua área de manejo.  Selecione apenas as que se aplica em sua propriedade/território. Arraste para o lado para selecionar o valor. - Repolho,Qual o custo médio por hectares (R$/ha) para o controle de plantas daninhas em sua área de manejo.  Selecione apenas as que se aplica em sua propriedade/território. Arraste para o lado para selecionar o valor. - Tomate Mesa,Qual o custo médio por hectares (R$/ha) para o controle de plantas daninhas em sua área de manejo.  Selecione apenas as que se aplica em sua propriedade/território. Arraste para o lado para selecionar o valor. - Tomate Indústria,Qual o custo médio por hectares (R$/ha) para o controle de plantas daninhas em sua área de manejo.  Selecione apenas as que se aplica em sua propriedade/território. Arraste para o lado para selecionar o valor. - Melão,Qual o custo médio por hectares (R$/ha) para o controle de plantas daninhas em sua área de manejo.  Selecione apenas as que se aplica em sua propriedade/território. Arraste para o lado para selecionar o valor. - Melancia,Selecione a época de aplicação em que os herbicidas são usados nas culturas olerícolas manejadas em sua propriedade/território. Marque apenas as que se aplica. - Alho,Selecione a época de aplicação em que os herbicidas são usados nas culturas olerícolas manejadas em sua propriedade/território. Marque apenas as que se aplica. - Batata-doce,Selecione a época de aplicação em que os herbicidas são usados nas culturas olerícolas manejadas em sua propriedade/território. Marque apenas as que se aplica. - Batata-inglesa,Selecione a época de aplicação em que os herbicidas são usados nas culturas olerícolas manejadas em sua propriedade/território. Marque apenas as que se aplica. - Beterraba,Selecione a época de aplicação em que os herbicidas são usados nas culturas olerícolas manejadas em sua propriedade/território. Marque apenas as que se aplica. - Cebola,Selecione a época de aplicação em que os herbicidas são usados nas culturas olerícolas manejadas em sua propriedade/território. Marque apenas as que se aplica. - Cenoura,Selecione a época de aplicação em que os herbicidas são usados nas culturas olerícolas manejadas em sua propriedade/território. Marque apenas as que se aplica. - Repolho,Selecione a época de aplicação em que os herbicidas são usados nas culturas olerícolas manejadas em sua propriedade/território. Marque apenas as que se aplica. - Tomate Mesa,Selecione a época de aplicação em que os herbicidas são usados nas culturas olerícolas manejadas em sua propriedade/território. Marque apenas as que se aplica. - Tomate Indústria,Selecione a época de aplicação em que os herbicidas são usados nas culturas olerícolas manejadas em sua propriedade/território. Marque apenas as que se aplica. - Melão,Selecione a época de aplicação em que os herbicidas são usados nas culturas olerícolas manejadas em sua propriedade/território. Marque apenas as que se aplica. - Melancia,Quais os principais herbicidas usados para o manejo da dessecação em áreas com culturas olerícolas em sua propriedade/território? Sendo que o 1 é o mais usado. Arraste para colocar na ordem. - Herbicida:,Quais os principais herbicidas usados para o manejo da dessecação em áreas com culturas olerícolas em sua propriedade/território? Sendo que o 1 é o mais usado. Arraste para colocar na ordem. - Herbicida: - Texto,Quais os principais herbicidas usados para o manejo da dessecação em áreas com culturas olerícolas em sua propriedade/território? Sendo que o 1 é o mais usado. Arraste para colocar na ordem. - Herbicida:,Quais os principais herbicidas usados para o manejo da dessecação em áreas com culturas olerícolas em sua propriedade/território? Sendo que o 1 é o mais usado. Arraste para colocar na ordem. - Herbicida: - Texto,Quais os principais herbicidas usados para o manejo da dessecação em áreas com culturas olerícolas em sua propriedade/território? Sendo que o 1 é o mais usado. Arraste para colocar na ordem. - Herbicida:,Quais os principais herbicidas usados para o manejo da dessecação em áreas com culturas olerícolas em sua propriedade/território? Sendo que o 1 é o mais usado. Arraste para colocar na ordem. - Herbicida: - Texto,Quais os principais herbicidas usados para o manejo em PRÉ-emergência em áreas com culturas olerícolas em sua propriedade/território? Sendo que o 1 é o mais usado. Arraste para colocar na ordem. - Herbicida:,Quais os principais herbicidas usados para o manejo em PRÉ-emergência em áreas com culturas olerícolas em sua propriedade/território? Sendo que o 1 é o mais usado. Arraste para colocar na ordem. - Herbicida: - Texto,Quais os principais herbicidas usados para o manejo em PRÉ-emergência em áreas com culturas olerícolas em sua propriedade/território? Sendo que o 1 é o mais usado. Arraste para colocar na ordem. - Herbicida:,Quais os principais herbicidas usados para o manejo em PRÉ-emergência em áreas com culturas olerícolas em sua propriedade/território? Sendo que o 1 é o mais usado. Arraste para colocar na ordem. - Herbicida: - Texto,Quais os principais herbicidas usados para o manejo em PRÉ-emergência em áreas com culturas olerícolas em sua propriedade/território? Sendo que o 1 é o mais usado. Arraste para colocar na ordem. - Herbicida:,Quais os principais herbicidas usados para o manejo em PRÉ-emergência em áreas com culturas olerícolas em sua propriedade/território? Sendo que o 1 é o mais usado. Arraste para colocar na ordem. - Herbicida: - Texto,Quais os principais herbicidas usados para o manejo em PÓS-emergência em áreas com culturas olerícolas em sua propriedade/território? Sendo que o 1 é o mais usado. Arraste para colocar na ordem. - Herbicida:,Quais os principais herbicidas usados para o manejo em PÓS-emergência em áreas com culturas olerícolas em sua propriedade/território? Sendo que o 1 é o mais usado. Arraste para colocar na ordem. - Herbicida: - Texto,Quais os principais herbicidas usados para o manejo em PÓS-emergência em áreas com culturas olerícolas em sua propriedade/território? Sendo que o 1 é o mais usado. Arraste para colocar na ordem. - Herbicida:,Quais os principais herbicidas usados para o manejo em PÓS-emergência em áreas com culturas olerícolas em sua propriedade/território? Sendo que o 1 é o mais usado. Arraste para colocar na ordem. - Herbicida: - Texto,Quais os principais herbicidas usados para o manejo em PÓS-emergência em áreas com culturas olerícolas em sua propriedade/território? Sendo que o 1 é o mais usado. Arraste para colocar na ordem. - Herbicida:,Quais os principais herbicidas usados para o manejo em PÓS-emergência em áreas com culturas olerícolas em sua propriedade/território? Sendo que o 1 é o mais usado. Arraste para colocar na ordem. - Herbicida: - Texto,"Você também maneja grandes culturas anuais (ex. algodão, soja, feijão, milho ou trigo)?",No manejo de culturas olerícolas e/ou culturas anuais. Você já teve algum problema com injúrias n... - Resposta - Residual de herbicida no solo,No manejo de culturas olerícolas e/ou culturas anuais. Você já teve algum problema com injúrias n... - Resposta - Deriva ou volatilidade de herbicida,No manejo de culturas olerícolas e/ou culturas anuais. Você já teve algum problema com injúrias n... - Resposta - Contaminação do tanque de pulverização por herbicida,No manejo de culturas olerícolas e/ou culturas anuais. Você já teve algum problema com injúrias n... - Resposta - Troca acidental de produtos no tanque de pulverização,Em casos de injúrias nas olerícolas devido aos problemas supramencionados. Você utiliza ou recomenda alguns dos produtos abaixo para minimizar os efeitos de fitotoxicidade em culturas olerícolas? Sendo 1 o produto mais utilizado. Arraste para colocar na ordem. - Bioestimulantes a base hormonal,Em casos de injúrias nas olerícolas devido aos problemas supramencionados. Você utiliza ou recomenda alguns dos produtos abaixo para minimizar os efeitos de fitotoxicidade em culturas olerícolas? Sendo 1 o produto mais utilizado. Arraste para colocar na ordem. - Bioestimulantes a base de aminoácidos,Em casos de injúrias nas olerícolas devido aos problemas supramencionados. Você utiliza ou recomenda alguns dos produtos abaixo para minimizar os efeitos de fitotoxicidade em culturas olerícolas? Sendo 1 o produto mais utilizado. Arraste para colocar na ordem. - MAP purificado,Em casos de injúrias nas olerícolas devido aos problemas supramencionados. Você utiliza ou recomenda alguns dos produtos abaixo para minimizar os efeitos de fitotoxicidade em culturas olerícolas? Sendo 1 o produto mais utilizado. Arraste para colocar na ordem. - Melaço,Em casos de injúrias nas olerícolas devido aos problemas supramencionados. Você utiliza ou recomenda alguns dos produtos abaixo para minimizar os efeitos de fitotoxicidade em culturas olerícolas? Sendo 1 o produto mais utilizado. Arraste para colocar na ordem. - Outro:,Em casos de injúrias nas olerícolas devido aos problemas supramencionados. Você utiliza ou recomenda alguns dos produtos abaixo para minimizar os efeitos de fitotoxicidade em culturas olerícolas? Sendo 1 o produto mais utilizado. Arraste para colocar na ordem. - Outro: - Texto,"Você está ciente das novas culturas (ex. soja, milho e algodão) tolerantes a herbicidas que chegam ao mercado? Por exemplo, Enlist milho e soja (resistente a 2,4-D e glifosato) e soja Roundup Ready 2 Xtend (resistente a dicamba e glifosato), etc.","Com a possibilidade do aumento da área plantada com as novas culturas transgênicas resistentes a herbicidas (soja, algodão e milho Enlist e Roundup Ready 2 Xtend), você tem alguma preocupação como riscos de volatilidade e/ou deriva de 2,4-D e/ou dicamba para as culturas olerícolas em sua propriedade?",Classifique o maior dificuldade para o manejo de plantas daninhas em culturas olerícolas? Sendo 1 a maior dificuldade. Arraste para colocar na ordem. - Falta de herbicidas,Classifique o maior dificuldade para o manejo de plantas daninhas em culturas olerícolas? Sendo 1 a maior dificuldade. Arraste para colocar na ordem. - Custo,Classifique o maior dificuldade para o manejo de plantas daninhas em culturas olerícolas? Sendo 1 a maior dificuldade. Arraste para colocar na ordem. - Injúrias em plantas devido ao residual de herbicidas no solo,Classifique o maior dificuldade para o manejo de plantas daninhas em culturas olerícolas? Sendo 1 a maior dificuldade. Arraste para colocar na ordem. - Falta de mão-de-obra,Classifique o maior dificuldade para o manejo de plantas daninhas em culturas olerícolas? Sendo 1 a maior dificuldade. Arraste para colocar na ordem. - Injúrias em plantas devido a deriva e volatilização de herbicidas,Classifique o maior dificuldade para o manejo de plantas daninhas em culturas olerícolas? Sendo 1 a maior dificuldade. Arraste para colocar na ordem. - Resistência de plantas daninhas a herbicidas,Deixe aqui algum comentário ou sugestão. (Opcional),Browser Meta Info - Browser,Browser Meta Info - Versão,Browser Meta Info - Sistema operativo,Browser Meta Info - Resolução,Timing - Primeiro clique,Timing - Último clique,Timing - Submeter página,Timing - Contagem de cliques
"{""ImportId"":""startDate"",""timeZone"":""America/Denver""}","{""ImportId"":""endDate"",""timeZone"":""America/Denver""}","{""ImportId"":""status""}","{""ImportId"":""ipAddress""}","{""ImportId"":""progress""}","{""ImportId"":""duration""}","{""ImportId"":""finished""}","{""ImportId"":""recordedDate"",""timeZone"":""America/Denver""}","{""ImportId"":""_recordId""}","{""ImportId"":""recipientLastName""}","{""ImportId"":""recipientFirstName""}","{""ImportId"":""recipientEmail""}","{""ImportId"":""externalDataReference""}","{""ImportId"":""locationLatitude""}","{""ImportId"":""locationLongitude""}","{""ImportId"":""distributionChannel""}","{""ImportId"":""userLanguage""}","{""ImportId"":""QID1_4""}","{""ImportId"":""QID1_5""}","{""ImportId"":""QID1_6""}","{""ImportId"":""QID6""}","{""ImportId"":""QID6_4_TEXT""}","{""ImportId"":""QID18""}","{""ImportId"":""QID10_1""}","{""ImportId"":""QID10_2""}","{""ImportId"":""QID10_3""}","{""ImportId"":""QID10_4""}","{""ImportId"":""QID10_5""}","{""ImportId"":""QID10_6""}","{""ImportId"":""QID10_7""}","{""ImportId"":""QID10_8""}","{""ImportId"":""QID10_9""}","{""ImportId"":""QID10_10""}","{""ImportId"":""QID10_11""}","{""ImportId"":""QID28""}","{""ImportId"":""QID15_1""}","{""ImportId"":""QID16""}","{""ImportId"":""QID16_5_TEXT""}","{""ImportId"":""QID11_1""}","{""ImportId"":""QID11_2""}","{""ImportId"":""QID11_3""}","{""ImportId"":""QID11_4""}","{""ImportId"":""QID11_5""}","{""ImportId"":""QID22_1""}","{""ImportId"":""QID12_1""}","{""ImportId"":""QID12_2""}","{""ImportId"":""QID12_3""}","{""ImportId"":""QID12_4""}","{""ImportId"":""QID12_5""}","{""ImportId"":""QID12_6""}","{""ImportId"":""QID12_7""}","{""ImportId"":""QID12_8""}","{""ImportId"":""QID12_9""}","{""ImportId"":""QID12_10""}","{""ImportId"":""QID12_11""}","{""ImportId"":""QID13""}","{""ImportId"":""QID13_1_TEXT""}","{""ImportId"":""QID23_1""}","{""ImportId"":""QID23_2""}","{""ImportId"":""QID23_3""}","{""ImportId"":""QID23_4""}","{""ImportId"":""QID23_5""}","{""ImportId"":""QID23_6""}","{""ImportId"":""QID23_7""}","{""ImportId"":""QID23_8""}","{""ImportId"":""QID23_9""}","{""ImportId"":""QID23_10""}","{""ImportId"":""QID23_11""}","{""ImportId"":""QID8_1""}","{""ImportId"":""QID8_2""}","{""ImportId"":""QID8_3""}","{""ImportId"":""QID8_4""}","{""ImportId"":""QID8_5""}","{""ImportId"":""QID8_6""}","{""ImportId"":""QID8_7""}","{""ImportId"":""QID8_8""}","{""ImportId"":""QID8_9""}","{""ImportId"":""QID8_10""}","{""ImportId"":""QID8_11""}","{""ImportId"":""QID7_1""}","{""ImportId"":""QID7_1_TEXT""}","{""ImportId"":""QID7_2""}","{""ImportId"":""QID7_2_TEXT""}","{""ImportId"":""QID7_3""}","{""ImportId"":""QID7_3_TEXT""}","{""ImportId"":""QID19_1""}","{""ImportId"":""QID19_1_TEXT""}","{""ImportId"":""QID19_2""}","{""ImportId"":""QID19_2_TEXT""}","{""ImportId"":""QID19_3""}","{""ImportId"":""QID19_3_TEXT""}","{""ImportId"":""QID20_1""}","{""ImportId"":""QID20_1_TEXT""}","{""ImportId"":""QID20_2""}","{""ImportId"":""QID20_2_TEXT""}","{""ImportId"":""QID20_3""}","{""ImportId"":""QID20_3_TEXT""}","{""ImportId"":""QID14""}","{""ImportId"":""QID32#1_1""}","{""ImportId"":""QID32#1_2""}","{""ImportId"":""QID32#1_3""}","{""ImportId"":""QID32#1_4""}","{""ImportId"":""QID36_1""}","{""ImportId"":""QID36_2""}","{""ImportId"":""QID36_3""}","{""ImportId"":""QID36_4""}","{""ImportId"":""QID36_5""}","{""ImportId"":""QID36_5_TEXT""}","{""ImportId"":""QID26""}","{""ImportId"":""QID25""}","{""ImportId"":""QID31_1""}","{""ImportId"":""QID31_2""}","{""ImportId"":""QID31_3""}","{""ImportId"":""QID31_4""}","{""ImportId"":""QID31_5""}","{""ImportId"":""QID31_6""}","{""ImportId"":""QID37_TEXT""}","{""ImportId"":""QID33_BROWSER""}","{""ImportId"":""QID33_VERSION""}","{""ImportId"":""QID33_OS""}","{""ImportId"":""QID33_RESOLUTION""}","{""ImportId"":""QID34_FIRST_CLICK""}","{""ImportId"":""QID34_LAST_CLICK""}","{""ImportId"":""QID34_PAGE_SUBMIT""}","{""ImportId"":""QID34_CLICK_COUNT""}"
2020-09-03 12:06:53,2020-09-03 12:18:13,IP Address,177.84.8.250,100,680,True,2020-09-03 12:18:13,R_3hcLkWrKudyl6kk,,,,,-27.2115936279296875,-49.735504150390625,qr,PT,"Rafael Beckhauser ",rbeckhauser@gmail.com,04147992159092,Assistente técnico / Consultor,,Sul,,,15,,431,,3,3,,,6,Plantio durante todas as épocas do ano,80,Aspersão,,1,3,2,4,5,70,,,Trapoeraba,,Alinho,,,,,,,Sim,Mas culturas da soja e do milho,,,,,1187,,,,,,,,,"Dessecante,PRÉ-emergente,PÓS-emergente",,"Dessecante,PRÉ-emergente,PÓS-emergente",,"Dessecante,PRÉ-emergente,PÓS-emergente","Dessecante,PRÉ-emergente,PÓS-emergente",,,Dessecante,1,Zapp,2,Reglone,3,Aurora,2,Dual Gold,3,Galigan,1,Flumyzin,3,Fusilade,2,Poquer,1,Herbadox,Sim,Sim,Sim,Sim,Não,2,1,3,4,5,,Sim,Não,2,1,3,4,5,6,,Safari iPhone,13.1.2,iPhone,375x667,4.124,71.294,73.537,23
2020-09-03 12:08:04,2020-09-03 12:19:05,IP Address,152.246.163.2,100,661,True,2020-09-03 12:19:05,R_vlEn8zeMlMmETKh,,,,,-23.6269989013671875,-46.6349945068359375,qr,PT,,,,Produtor rural / Dono da propriedade,,Sudeste,,,,0,,,,,,,10,Terceira safra (ex. Julho - outubro),100,Gotejamento,,2,3,1,4,5,50,,,,,,,,,,,Folhas largas,Não,,0,,,,,,,,,,0,,,,,,,,,,,"Dessecante,PRÉ-emergente",1,Glifosato,3,,2,Paraquat,1,Goal,2,,3,,,,,,,,Não,Sim,Sim,Não,Não,2,1,3,4,5,,Não,Sim,1,6,2,4,3,5,,Chrome,85.0.4183.81,Android 10,412x915,4.382,80.953,81.991,26
2020-09-03 12:02:53,2020-09-03 12:23:44,IP Address,179.189.87.229,100,1250,True,2020-09-03 12:23:45,R_2PpA8uxEE5punxa,,,,,-19.3744049072265625,-45.9510955810546875,qr,PT,,,,Produtor rural / Dono da propriedade,,Sudeste,63,,,,23,,,,,,,Segunda safra (ex. fevereiro - Junho),31,Pivô,,1,2,4,3,5,61,Picao branco,,,,Caruru,,,,,,,Não,,504,,,,2040,,0,,,,0,"Dessecante,PRÉ-emergente,PÓS-emergente",,,,"Dessecante,PRÉ-emergente,PÓS-emergente",,,,,,,1,Roundup,3,Select,2,Aurora,1,Ronstar,2,"Flumyzin ",3,Goal,1,Totril,2,"Flumyzin ",3,Goal,Não,Sim,Sim,Sim,Não,2,1,3,4,5,,Sim,Sim,1,3,4,5,6,2,,Safari iPhone,13.1.2,iPhone,414x896,4.493,106.418,107.494,27
2020-09-03 12:11:01,2020-09-03 12:33:25,IP Address,45.224.197.123,100,1343,True,2020-09-03 12:33:25,R_3qJUyCF4EOZddLi,,,,,-15.779205322265625,-47.9340972900390625,qr,PT,Waner Barbosa,agronomia.barbosa@gmail.com,+5534999893275,Assistente técnico / Consultor,,Centro-Oeste,500,,500,306,406,452,,,,,,Plantio durante todas as épocas do ano,95,Pivô,,1,2,4,3,5,75,Commelina benghalensis,,Polygonum convolvulus,Polygonum convolvulus,Galinsoga parviflora,Galinsoga parviflora,,,,,,Sim,Bidens Pilosa,1025,,203,,823,620,,,,,,"Dessecante,PRÉ-emergente,PÓS-emergente",,"Dessecante,PÓS-emergente","Dessecante,PRÉ-emergente,PÓS-emergente","Dessecante,PÓS-emergente","Dessecante,PÓS-emergente",,,,,,1,Glifosato,2,CARFENTRAZONA-ETÍLICA,3,"2,4-D",1,OXADIAZON,3,OXIFLUORFEM,2,FLUMIOXAZINA,1,OCTANOATO DE IOXINILA,3,QUIZALOFOPE-P-ETÍLICO,2,CLETODIM,Não,Sim,Sim,Não,Não,3,1,2,4,5,,Sim,Sim,2,5,3,6,4,1,"AS MULTINACIONAIS PRECISAM ENTENDEM QUE É PAPEL DELAS DISPONIBILIZAR MOLÉCULAS QUE AJUDEM NO MANEJO DAS OLERÍCOLAS, POR MAIS QUE O LUCRO NÃO SE COMPARE ÀS GRANDES CULTURAS, PORÉM ESTAMOS PRODUZINDO ALIMENTOS E AS EMPRESAS PRECISAM NOS DAR ESTE SUPORTE. NÃO TEM COMO UM PRODUTOR PRODUZIR HERBICIDA EM SUA PROPRIEDADE E INFELIZMENTE COM O CLIMA QUE TEMOS APENAS O MANEJO CULTURAL É INSUFICIENTE PARA UM BOM CONTROLE DE PLANTAS DANINHAS EM SOLO JÁ INFESTADO POR CULTURAS ANTERIORES.",Chrome,85.0.4183.83,Windows NT 10.0,1366x768,5.989,119.405,241.072,9
2020-09-03 13:10:10,2020-09-03 13:19:48,IP Address,177.79.7.201,100,578,True,2020-09-03 13:19:49,R_2fk3HUIujA2EFyi,,,,,-30.114593505859375,-51.1638946533203125,qr,PT,,,,,,,500,500,500,500,,,,,,,,,0,,,,,,,,0,,,,,,,,,,,,,,,,8000,6432,5032,,,,,,,,,,,,,,,,,,,,,,,,,,,,,,,,,,,,,,,,,,,,,,,,,2,5,4,1,3,6,,Chrome,79.0.3945.136,Android 9,412x732,39.588,252.4,253.508,26
2020-09-03 13:08:40,2020-09-03 14:01:27,IP Address,179.70.225.232,100,3166,True,2020-09-03 14:01:27,R_2v1UPIAAHiy1pvE,,,,,-8.0117034912109375,-34.9528961181640625,qr,PT,"Júlio Zoé de Brito ","juliozoe@gmail.com ",+5581999533373,Produtor rural / Dono da propriedade,,Nordeste,,6,,0,10,,,,,0,,Plantio durante todas as épocas do ano,100,Gotejamento,,1,3,2,4,5,10,,"Beldroegas ",,,"Beldroegas,  carrapicho",,,,,,,Sim,Cardo santo,3513,,,,,,,,,,,,PRÉ-emergente,,,"PRÉ-emergente,PÓS-emergente",,,,,,,2,,1,Gramoxone,3,,1,Goal,2,,3,,1,Afalon,2,Herbadox,3,Goal,Não,Sim,Sim,Não,Não,2,5,4,3,1,"Nenhum ",Não,Não,1,2,3,4,5,6,"A minha lavoura principal é coentro (30 hectares).
Acho que você deveria acrescentar ""outra"" para as respostas serem coerentes com aquilo que faço.
Gostaria de ter um feedback sobre as informações colhidas.
",Chrome,79.0.3945.136,Android 9,412x732,5.896,144.001,301.664,30
2020-09-03 13:59:39,2020-09-03 14:05:57,IP Address,138.122.28.200,100,378,True,2020-09-03 14:05:57,R_2R20ofUYdY6zqAA,,,,,-8.078704833984375,-39.0565948486328125,qr,PT,,,,Produtor rural / Dono da propriedade,,Nordeste,,,,,15,,,,,,,Plantio durante todas as épocas do ano,100,Gotejamento,,1,2,3,4,5,80,,,,,,,,,,,,Não,,0,,,,2013,,,,,,0,,,,,PÓS-emergente,,,,,,,,,,,,,,,,,,,1,Goal,2,Select,3,"Herbradox ",Sim,Não,Não,Não,Não,2,1,3,4,5,,Não,Não,3,1,2,4,5,6,,Safari iPhone,13.1.2,iPhone,375x667,7.346,84.374,85.676,22
2020-09-03 13:58:39,2020-09-03 14:06:25,IP Address,45.175.246.95,100,465,True,2020-09-03 14:06:25,R_0vOtE12W5xGOJTX,,,,,-25.393402099609375,-51.465606689453125,qr,PT,Helmut Hunger,Hhunger73@gmail.com,42999281525,Produtor rural / Dono da propriedade,,Sul,,,8,2,14,,,5,,,,Plantio durante todas as épocas do ano,100,"Aspersão,Gotejamento",,1,3,2,4,5,78,,,Leiteiro,Serralha e leiteiro,Serralha e palminha,,,,Leiteiro e seralha,,,Não,,0,,1038,,1031,,,1177,0,,,,,"Dessecante,PÓS-emergente","Dessecante,PRÉ-emergente,PÓS-emergente","Dessecante,PRÉ-emergente,PÓS-emergente",,,"Dessecante,PRÉ-emergente,PÓS-emergente",,,,1,Roundup,2,Gramoxone,3,,2,,1,Gromoxone,3,,1,Totril,2,Sencor,3,,Sim,Sim,Sim,Sim,Sim,,,,,,,Sim,Sim,1,2,3,6,4,5,,Chrome,85.0.4183.81,Android 10,384x854,3.908,60.385,61.244,21
2020-09-03 14:39:07,2020-09-03 14:58:25,IP Address,201.16.227.100,100,1158,True,2020-09-03 14:58:25,R_3lxggUDg0wp3Q5N,,,,,-19.015106201171875,-49.5503997802734375,qr,PT,Carlos Inácio,cigo@terra.com.br,34 99816 8418,Assistente técnico / Consultor,,Sudeste,500,,,,250,,,,,,,Segunda safra (ex. fevereiro - Junho),100,Pivô,,1,3,4,2,5,70,Tiririca,,,,Fazendeiro,,,,,,,Sim,Capim pé de galinha e buva,3516,0,,,3040,,,,,,0,"Dessecante,PRÉ-emergente,PÓS-emergente",,,,"Dessecante,PÓS-emergente",,,,,,,1,Glifosato,2,"2,4-D",3,Aurora,1,Ronstar,2,Goal,3,Flumyzin,1,Totril,2,Flumyzin,3,Goal,Não,Sim,Sim,Sim,Sim,2,1,3,4,5,Zn e Mg,Sim,Sim,1,3,6,4,5,2,"Nos casos de sementes botânicas, falta padronização para manejo em pos-emergencia para cebola, por exemplo.
Intensificar investimentos em novas pesquisas",Chrome,85.0.4183.81,Android 9,412x732,12.501,213.333,333.857,25
2020-09-03 15:33:07,2020-09-03 15:45:49,IP Address,179.189.94.222,100,761,True,2020-09-03 15:45:49,R_UaOyi2Tq2wl8jLP,,,,,-19.3744049072265625,-45.9510955810546875,qr,PT,Marcos Vinícius Freitas Silva,marcos_freitassilva@yahoo.com.br,35998277287,Assistente técnico / Consultor,,Sudeste,,,,,6,,,,,,0,Plantio durante todas as épocas do ano,95,"Aspersão,Pivô",,1,2,3,4,5,85,Trevo,,,,Erva santa luzia,"Mentrasto ",,,,,,Não,,0,,,,3045,,,,,,0,,,,,"Dessecante,PRÉ-emergente,PÓS-emergente",,,,,,,1,"Paraquat ",2,,3,,1,,2,,3,,1,Goal,2,Flumizin,3,,Não,,,,,5,1,3,2,4,,Sim,Sim,1,4,2,5,6,3,,Safari iPhone,13.1.2,iPhone,375x667,5.065,152.638,153.143,19
2020-09-03 15:36:43,2020-09-03 15:47:42,IP Address,179.97.122.93,100,658,True,2020-09-03 15:47:42,R_OPaJ0yB6BOIx6j7,,,,,-27.5355987548828125,-49.081298828125,qr,PT,,,,Produtor rural / Dono da propriedade,,Sul,,,,,2,,,,,,,Terceira safra (ex. Julho - outubro),100,Aspersão,,1,3,2,4,5,70,Nabiça,,Capim de inverno,,Capim de inverno,,,,,,,Sim,Capim de inverno,81,,0,,4610,,,,,,0,"Dessecante,PRÉ-emergente,PÓS-emergente",,,,"Dessecante,PRÉ-emergente,PÓS-emergente",,,,,,,1,Glifosato,2,2-4d,3,Cletodim,1,Flumizim,2,Dual,3,,1,Totril,2,Select,3,Fuzilade,Sim,Não,Não,Não,Sim,3,1,4,2,5,,Sim,Não,1,4,3,5,6,2,,Chrome,85.0.4183.81,Android 8.1.0,360x640,16.803,173.372,176.928,22
2020-09-03 16:08:07,2020-09-03 16:17:21,IP Address,177.39.149.133,100,553,True,2020-09-03 16:17:21,R_8eTM6ktOdXY2KOd,,,,,-21.2501068115234375,-48.5579071044921875,qr,PT,"Aparício Garbin Filho ",Apariciogarbin@uol.com.br,16 99621 2127,Produtor rural / Dono da propriedade,,Sudeste,,,,,62,,,,,,,Segunda safra (ex. fevereiro - Junho),100,Pivô,,1,2,3,5,4,80,,,,,"Folhas largas ",,,,,,,Não,,0,0,,,1392,,,,,,,,,,,"Dessecante,PRÉ-emergente,PÓS-emergente",,,,,,,1,,2,,3,,1,Goal,2,Select,3,,1,Totril,2,,3,,Sim,Não,Não,Não,Não,1,2,3,4,5,,Sim,Não,2,1,3,4,5,6,,Chrome,85.0.4183.81,Android 10,412x892,8.079,91.955,92.801,30
2020-09-03 16:32:17,2020-09-03 17:01:10,IP Address,191.55.80.251,100,1733,True,2020-09-03 17:01:11,R_1j9BF89Wq5VugqL,,,,,-18.610504150390625,-46.503204345703125,qr,PT,Junio Cesar Lopes,"juniolopes@sekita.com.br ",34 999233670,Assistente técnico / Consultor,,Sudeste,302,,,220,,500,250,,,,,Plantio durante todas as épocas do ano,100,Pivô,,1,2,4,3,5,89,nabo,,,Fazendeiro,,Fazendeiro,Fazendeiro,,,,,Não,,1014,,0,533,,256,153,,,,,"Dessecante,PRÉ-emergente,PÓS-emergente",,,"Dessecante,PRÉ-emergente,PÓS-emergente",,"Dessecante,PRÉ-emergente,PÓS-emergente",PÓS-emergente,,,,,1,glifosato,2,paraquat,3,fusilad,1,Ronstar,2,Afalon,3,Dual gold,2,Totril,1,Afalon,3,goltix,Sim,Sim,Sim,Sim,Sim,4,1,2,3,5,,Sim,Sim,1,5,2,6,3,4,,Chrome,75.0.3770.143,Android 10,412x915,4.401,144.776,146.201,25
2020-09-03 17:02:16,2020-09-03 17:14:10,IP Address,168.121.103.139,100,713,True,2020-09-03 17:14:10,R_1IlOePDTPzrnMkd,,,,,-8.7870025634765625,-40.25360107421875,qr,PT,"ARNOBIO JUNIOR ",Arnobiojunior@yahoo.com.br,87981221795,Produtor rural / Dono da propriedade,,Norte,,,,,20,,,,,,60,Plantio durante todas as épocas do ano,100,"Gotejamento,Gravidade",,2,3,4,5,1,80,,,,,"Tiririca ",,,,,,"Tiririca ",Sim,"Tiririca ",0,,,0,1536,,,,,,1009,,,,,PRÉ-emergente,,,,,,PRÉ-emergente,2,"Bassagran ",1,Goal,3,"Select ",1,Goal,2,"Bassagran ",3,Select,2,"Bassagran ",3,"Select ",1,Goal,Não,Não,Não,Não,Não,2,1,3,4,5,,Não,Não,2,3,4,5,6,1,,Safari iPhone,13.1.2,iPhone,414x896,8.792,147.51,150.974,16
2020-09-03 16:49:46,2020-09-03 17:25:26,IP Address,45.227.187.15,100,2140,True,2020-09-03 17:25:26,R_x3pqgCVXxindyyB,,,,,-29.0258026123046875,-51.2458038330078125,qr,PT,Rudinei,rudineiantoniogiotto@icloud.com,,Produtor rural / Dono da propriedade,,Sul,8,,,5,2,6,,,,,,Plantio durante todas as épocas do ano,100,Aspersão,,1,2,3,4,5,100,,,,,,,,,,,,,,4371,,,4077,,3827,,,,,0,"Dessecante,PRÉ-emergente,PÓS-emergente",,,"Dessecante,PRÉ-emergente,PÓS-emergente","Dessecante,PÓS-emergente","Dessecante,PRÉ-emergente,PÓS-emergente",,,,,,1,"Paraquat ",2,Glifosato,3,Finale,1,"Afalom ",2,Dual,3,Goltix,1,Select,3,Afalom,2,Totril,Sim,Sim,Sim,Não,Não,3,1,4,2,5,,Não,Sim,1,5,4,6,2,3,,Safari iPhone,12.0,iPhone,320x568,11.586,215.388,217.37,33
2020-09-03 19:25:39,2020-09-03 19:35:22,IP Address,177.36.176.200,100,583,True,2020-09-03 19:35:23,R_1mDdGNhfXNLV5rY,,,,,-26.7682952880859375,-51.1197052001953125,qr,PT,Leandro Hahn,Leandrohahn@epagri.sc.gov.br,499985039192,Assistente técnico / Consultor,,Sul,5,,0,,2,,,2,,,,Plantio durante todas as épocas do ano,100,Gotejamento,,1,2,4,3,5,84,Língua de vaca,,,,Palminha,,,Corda de viola,,,,Não,,1910,,,,2065,,,1006,,,,"Dessecante,PRÉ-emergente,PÓS-emergente",,,,"Dessecante,PRÉ-emergente,PÓS-emergente",,,"Dessecante,PRÉ-emergente,PÓS-emergente",,,,1,Glifosato,2,Finale,3,Paraquate,1,Herbadox,2,Ronstar,3,Afalon,1,Totril,2,Select,3,Sencor,Não,Sim,Sim,Sim,Não,1,2,3,5,4,,Sim,Sim,1,2,3,5,4,6,,Safari iPhone,13.1.2,iPhone,375x667,3.93,95.497,96.773,33
2020-09-04 05:20:12,2020-09-04 05:42:17,IP Address,177.72.104.185,100,1324,True,2020-09-04 05:42:17,R_2YM9jKYgaZ5Iwsz,,,,,-30.92230224609375,-50.8542022705078125,qr,PT,Rui Miguel de Lemos,ruilemos.agrofertil@hotmail.com,51999816583,Produtor rural / Dono da propriedade,,Sul,0,0,,,6,,,,,,,Primeira safra (ex. novembro a janeiro),8,"Aspersão,Gotejamento",,1,3,2,4,5,67,,,,,"junça,cenoura brava",,,,,,,Sim,sim,0,,,,4016,627,,,,,1067,,,,,"Dessecante,PRÉ-emergente,PÓS-emergente",,,,,,,2,select,1,glifosato,3,galigan,1,afalon,3,totril,2,ronstar,2,ronstar,3,galigan,1,totril,Não,Não,Não,Não,Sim,1,2,4,3,5,,Sim,Não,6,4,3,1,5,2,"Buscar novas moleculas ,pra controle de ervas resistentes",Chrome,34.0.1847.118,Android 5.0.2,320x522,11.963,271.043,331.487,28
2020-09-02 09:12:43,2020-09-02 09:12:57,IP Address,201.43.102.140,64,13,False,2020-09-09 09:12:58,R_3HiidygcPTQSgr9,,,,,,,qr,PT,,,,,,,,,,,,,,,,,,,0,,,,,,,,,,,,,,,,,,,,,,,,,,,,,,,,,,,,,,,,,,,,,,,,,,,,,,,,,,,,,,,,,,,,,,,,,,,,,,,,,,,,,,,,,
2020-09-09 12:45:20,2020-09-09 12:47:44,IP Address,179.189.93.154,100,144,True,2020-09-09 12:47:44,R_1Dx3OTEIirCKOe7,,,,,-19.197906494140625,-46.295806884765625,qr,PT,,,,,,,,,1464,,,,,,,,,,0,,,,,,,,,,,,,,,,,,,,,,,,6707,,,,,,,,,,PÓS-emergente,,,,,,,,,,,,,,,,,,,,,,,,,,,,,,,,,4,1,5,2,3,,,Sim,5,3,1,4,6,2,,Chrome,85.0.4183.81,Android 9,360x760,3.366,56.286,56.862,26
2020-09-09 15:05:53,2020-09-09 15:11:54,IP Address,187.25.37.69,100,360,True,2020-09-09 15:11:55,R_DqqmGi4FXwz2go1,,,,,-22.83050537109375,-43.2191925048828125,qr,PT,Alexandre Igor,aiapereira@yahoo.com.br,64992874821,Assistente técnico / Consultor,,Centro-Oeste,403,,312,,0,,,0,207,,,Segunda safra (ex. fevereiro - Junho),100,Pivô,,3,1,2,4,5,72,folhas largas e estreitas,,folhas largas e estreitas,,folhas largas e estreitas,folhas largas e estreitas,,,folhas largas e estreitas,,,Não,,90,0,108,,90,72,,,154,,,Dessecante,,PRÉ-emergente,,PRÉ-emergente,,,,Dessecante,,,1,,2,,3,,3,,1,,2,,,,,,,,Sim,Sim,Não,Sim,Não,1,2,3,4,5,,Sim,Não,1,3,2,4,5,6,,Chrome,85.0.4183.81,Android 9,360x720,9.002,68.536,69.062,21
2020-09-03 10:59:03,2020-09-03 11:06:47,IP Address,177.25.219.45,64,463,False,2020-09-10 11:07:03,R_QamF42Born6qkUx,,,,,,,qr,PT,Juliano Miari,julianomiari@gmail.com,038999335851,Produtor rural / Dono da propriedade,,Sudeste,0,,0,0,,1,,,,,,Primeira safra (ex. novembro a janeiro),82,"Aspersão,Gotejamento",,3,2,1,4,5,81,,,,,,Picão preto,,,,,,Sim,Picão preto,0,,,0,,149,,,,,0,PÓS-emergente,,,,,PÓS-emergente,,,,,,1,Afalon,3,,2,,2,,1,,3,,,,,,,,,,,,,,,,,,,,,,,,,,,,,,,,,,,
2020-09-03 12:02:36,2020-09-03 12:02:56,IP Address,189.6.36.169,12,19,False,2020-09-10 12:02:58,R_12ooqk9OYLNL3ve,,,,,,,qr,PT,,,,,,,,,,,,,,,,,,,,,,,,,,,,,,,,,,,,,,,,,,,,,,,,,,,,,,,,,,,,,,,,,,,,,,,,,,,,,,,,,,,,,,,,,,,,,,,,,,,,,,,,,,,,
2020-09-03 12:10:10,2020-09-03 12:10:17,IP Address,187.71.153.253,12,6,False,2020-09-10 12:10:21,R_3lG1i490yY60p1w,,,,,,,qr,PT,,,,,,,,,,,,,,,,,,,,,,,,,,,,,,,,,,,,,,,,,,,,,,,,,,,,,,,,,,,,,,,,,,,,,,,,,,,,,,,,,,,,,,,,,,,,,,,,,,,,,,,,,,,,
2020-09-03 12:09:31,2020-09-03 12:12:11,IP Address,179.189.95.87,24,160,False,2020-09-10 12:12:25,R_enfu2MDaEtyXleh,,,,,,,qr,PT,Adilio Zorzal Filho,azorzal@hotmail.com,,Produtor rural / Dono da propriedade,,Sudeste,3,0,,,25,,,,,,,Segunda safra (ex. fevereiro - Junho),100,,,,,,,,,,,,,,,,,,,,,,,,,,,,,,,,,,,,,,,,,,,,,,,,,,,,,,,,,,,,,,,,,,,,,,,,,,,,,,,,,,,,,,,,,
2020-09-03 12:15:34,2020-09-03 12:21:15,IP Address,177.25.240.226,48,340,False,2020-09-10 12:21:24,R_3NP0lt6FD8F8B9z,,,,,,,qr,PT,,,,Produtor rural / Dono da propriedade,,Sul,16,,,,,,,,,,,Terceira safra (ex. Julho - outubro),100,Outro,Auto propelido,1,3,2,5,4,50,"Trevo/ mentruz ",,,,,,,,,,,Sim,"Trevo ",1058,,,,,,,,0,,0,,,,,,,,,,,,,,,,,,,,,,,,,,,,,,,,,,,,,,,,,,,,,,,,,,,,,,,,,
2020-09-03 12:20:56,2020-09-03 12:25:25,IP Address,177.197.226.222,12,269,False,2020-09-10 12:25:33,R_pcIyMv5JCO6hI4N,,,,,,,qr,PT,José Procópio Machado Neto,netomprocopio@gmail.com,19992176309,Assistente técnico / Consultor,,Sudeste,,,,,,,,,,,,,,,,,,,,,,,,,,,,,,,,,,,,,,,,,,,,,,,,,,,,,,,,,,,,,,,,,,,,,,,,,,,,,,,,,,,,,,,,,,,,,,,,,,,,,,
2020-09-03 12:23:22,2020-09-03 12:26:33,IP Address,187.68.9.126,24,191,False,2020-09-10 12:26:44,R_1lzuyyuSczc0NUs,,,,,,,qr,PT,Ricardo,rshigihara@uol.com.br,61 9 9315 7328,Assistente técnico / Consultor,,Centro-Oeste,150,,,52,307,97,1,51,0,,,Segunda safra (ex. fevereiro - Junho),100,,,,,,,,,,,,,,,,,,,,,,,,,,,,,,,,,,,,,,,,,,,,,,,,,,,,,,,,,,,,,,,,,,,,,,,,,,,,,,,,,,,,,,,,,
2020-09-03 12:07:16,2020-09-03 12:29:14,IP Address,177.206.160.13,48,1318,False,2020-09-10 12:29:26,R_cIITyfSMMWODsOZ,,,,,,,qr,PT,Marcos Kleber Dias de Barros,mkconsultoria@live.com,87999948647,Assistente técnico / Consultor,,Nordeste,,,,,200,,,150,0,,,Plantio durante todas as épocas do ano,100,Gotejamento,,1,3,4,5,2,90,,,,,Carrapicho/Bredo,,,Bredo,,,,Não,,0,,,,503,,,346,,,,,,,,,,,,,,,,,,,,,,,,,,,,,,,,,,,,,,,,,,,,,,,,,,,,,,,,,,,,
2020-09-03 12:06:46,2020-09-03 12:29:19,IP Address,191.142.2.37,12,1352,False,2020-09-10 12:29:26,R_2ByYGzGBCozo8wc,,,,,,,qr,PT,Reginaldo,,47992664377,Gerente da propriedade,,Centro-Oeste,,,,,,,,,,,,,,,,,,,,,,,,,,,,,,,,,,,,,,,,,,,,,,,,,,,,,,,,,,,,,,,,,,,,,,,,,,,,,,,,,,,,,,,,,,,,,,,,,,,,,,
2020-09-03 12:37:24,2020-09-03 12:42:44,IP Address,177.51.83.182,48,320,False,2020-09-10 12:42:52,R_1rlAgofK5NGODkj,,,,,,,qr,PT,Edolar gesser,Edolargesser@outlook.com,047988051392,Produtor rural / Dono da propriedade,,Sul,,,,,40,,,,,,,Terceira safra (ex. Julho - outubro),70,Outro,,1,2,4,5,3,86,,,,,Cenorinha,,,,,,,Sim,,0,,,,3057,,,,,7255,,,,,,,,,,,,,,,,,,,,,,,,,,,,,,,,,,,,,,,,,,,,,,,,,,,,,,,,,,
2020-09-03 12:58:37,2020-09-03 13:06:58,IP Address,170.246.10.28,64,501,False,2020-09-10 13:07:04,R_22lxgIui5VxCEp9,,,,,,,qr,PT,WILLIAM TELOCKEN,telockenwilliam@gmail.com,61984860440,Gerente da propriedade,,Centro-Oeste,500,,500,99,409,405,0,,,,,Segunda safra (ex. fevereiro - Junho),100,Pivô,,2,1,3,4,5,65,,,Cipó de Veado,,Tiririca,,,,,,,Sim,Cipó de Veado,0,,317,16,,0,,,,,0,"PRÉ-emergente,PÓS-emergente",,PRÉ-emergente,"PRÉ-emergente,PÓS-emergente","PRÉ-emergente,PÓS-emergente",,,,,,,1,Glifosato,2,2-4D,3,,1,SENCOR,2,Flumyzin,3,,2,Flumyzin,1,SENCOR,3,Ronstar,,,,,,,,,,,,,,,,,,,,,,,,,,,,
2020-09-03 13:16:42,2020-09-03 13:17:41,IP Address,170.0.121.51,24,58,False,2020-09-10 13:17:52,R_UthPal4xV2bcHcd,,,,,,,qr,PT,,,,Assistente técnico / Consultor,,,6,,,,,0,,26,,,,,0,,,,,,,,,,,,,,,,,,,,,,,,,,,,,,,,,,,,,,,,,,,,,,,,,,,,,,,,,,,,,,,,,,,,,,,,,,,,,,,,,,,,,,,,,
2020-09-10 13:15:13,2020-09-10 13:22:54,IP Address,177.52.148.22,100,461,True,2020-09-10 13:22:54,R_3hhIv2YdpHal5cW,,,,,-27.9181060791015625,-51.6685943603515625,qr,PT,,,,Assistente técnico / Consultor,,Sul,,,,,,,,,5,,,Terceira safra (ex. Julho - outubro),1,"Aspersão,Gotejamento",,1,2,3,4,5,60,,,,,,,,,,,,Sim,Azevem,0,,,,,,,,181,,,,,,,,,,,"Dessecante,PRÉ-emergente",,,1,Gramoxone,2,Roundup,3,,1,,2,,3,,,,,,,,Sim,Sim,Sim,Sim,Sim,1,2,3,4,5,,Sim,Sim,3,2,1,4,5,6,,Safari iPhone,13.1.2,iPhone,375x667,3.427,81.542,82.181,29
2020-09-03 15:27:32,2020-09-03 15:38:16,IP Address,187.23.242.154,48,643,False,2020-09-10 15:38:22,R_UsdQNj5r19jbzih,,,,,,,qr,PT,"Flávio ",Flávio.irokawa1@outlook.com,19991815370,Assistente técnico / Consultor,,Sudeste,,500,500,216,,,,500,500,500,474,Terceira safra (ex. Julho - outubro),100,Pivô,,1,2,4,5,3,78,Beldroega,Guanxyma,"Nabiça ",Caruru,Azevem,Ancarinha,Língua de vaca,Maria pretinha,Maria pretinha,Beldroega,Granxuma,Sim,,2065,929,877,929,645,723,852,826,1703,877,542,,,,,,,,,,,,,,,,,,,,,,,,,,,,,,,,,,,,,,,,,,,,,,,,,,,,,,,,,
2020-09-03 15:56:24,2020-09-03 15:56:54,IP Address,179.97.122.164,12,30,False,2020-09-10 15:56:55,R_zfiI18ZaDz9tyEN,,,,,,,qr,PT,,,,Produtor rural / Dono da propriedade,,Sul,,,,,,,,,,,,,,,,,,,,,,,,,,,,,,,,,,,,,,,,,,,,,,,,,,,,,,,,,,,,,,,,,,,,,,,,,,,,,,,,,,,,,,,,,,,,,,,,,,,,,,
2020-09-03 15:59:30,2020-09-03 16:02:54,IP Address,177.25.196.71,24,204,False,2020-09-10 16:03:13,R_2t67wz6ZAcxab7O,,,,,,,qr,PT,Leandro Jose Garbin,leandrogarbin2015@yahoo.com.br,16997823909,Produtor rural / Dono da propriedade,,Sudeste,0,,,,11,,,,0,,0,Segunda safra (ex. fevereiro - Junho),11,,,,,,,,,,,,,,,,,,,,,,,,,,,,,,,,,,,,,,,,,,,,,,,,,,,,,,,,,,,,,,,,,,,,,,,,,,,,,,,,,,,,,,,,,
2020-09-03 16:06:20,2020-09-03 16:08:03,IP Address,179.189.95.143,24,103,False,2020-09-10 16:08:05,R_3PYKlpDA4O5DEv7,,,,,,,qr,PT,,,,Produtor rural / Dono da propriedade,,Sudeste,,,,,,,,,,,,,0,,,,,,,,,,,,,,,,,,,,,,,,,,,,,,,,,,,,,,,,,,,,,,,,,,,,,,,,,,,,,,,,,,,,,,,,,,,,,,,,,,,,,,,,,
2020-09-03 16:24:02,2020-09-03 16:24:27,IP Address,177.53.144.175,12,25,False,2020-09-10 16:24:27,R_1BXknWVqdBSPUzD,,,,,,,qr,PT,,,,,,,,,,,,,,,,,,,,,,,,,,,,,,,,,,,,,,,,,,,,,,,,,,,,,,,,,,,,,,,,,,,,,,,,,,,,,,,,,,,,,,,,,,,,,,,,,,,,,,,,,,,,
2020-09-03 17:05:50,2020-09-03 17:06:26,IP Address,179.189.95.46,12,36,False,2020-09-10 17:06:30,R_BPopRwF6ueXjRjH,,,,,,,qr,PT,,,,,,Norte,,,,,,,,,,,,,,,,,,,,,,,,,,,,,,,,,,,,,,,,,,,,,,,,,,,,,,,,,,,,,,,,,,,,,,,,,,,,,,,,,,,,,,,,,,,,,,,,,,,,,,
2020-09-03 20:04:38,2020-09-03 20:05:19,IP Address,201.25.35.182,12,40,False,2020-09-10 20:05:50,R_6xNmeF7SWjDX6rn,,,,,,,qr,PT,,,,,,,,,,,,,,,,,,,,,,,,,,,,,,,,,,,,,,,,,,,,,,,,,,,,,,,,,,,,,,,,,,,,,,,,,,,,,,,,,,,,,,,,,,,,,,,,,,,,,,,,,,,,
2020-09-04 09:22:39,2020-09-04 09:29:02,IP Address,187.108.214.212,48,382,False,2020-09-11 09:29:20,R_1mUSCUYWRTFd1d5,,,,,,,qr,PT,Acácio Laurindo,acaciolaurindo@hotmail.com,47988967746,Outro,Arrendatario,Sul,,,,,8,,0,,,,,Terceira safra (ex. Julho - outubro),100,Aspersão,,2,3,4,1,5,88,,,,,Cenorinha cebolinha,,,,,,,Não,,0,,,,940,,,,,,,,,,,,,,,,,,,,,,,,,,,,,,,,,,,,,,,,,,,,,,,,,,,,,,,,,,,,,,,
2020-09-04 17:31:16,2020-09-04 17:32:04,IP Address,189.6.27.164,24,47,False,2020-09-11 17:32:08,R_2xLbbbC7rMyyJAZ,,,,,,,qr,PT,,,,,,,,,,,0,,,,,,,,0,,,,,,,,,,,,,,,,,,,,,,,,,,,,,,,,,,,,,,,,,,,,,,,,,,,,,,,,,,,,,,,,,,,,,,,,,,,,,,,,,,,,,,,,,
2020-09-06 08:09:55,2020-09-06 08:10:55,IP Address,177.101.118.128,12,59,False,2020-09-13 08:11:19,R_1lu8e4qH2pIwDmU,,,,,,,qr,PT,,,,Produtor rural / Dono da propriedade,,Sul,,,,,,,,,,,,,,,,,,,,,,,,,,,,,,,,,,,,,,,,,,,,,,,,,,,,,,,,,,,,,,,,,,,,,,,,,,,,,,,,,,,,,,,,,,,,,,,,,,,,,,
2020-09-06 10:55:08,2020-09-06 10:57:17,IP Address,45.227.113.55,24,129,False,2020-09-13 10:57:21,R_2ya5K1OKffygOTt,,,,,,,qr,PT,José Antônio,aranha.sjn@hotmail.com,53-999716961,Produtor rural / Dono da propriedade,,Sul,,,15,0,15,,,,,,,Terceira safra (ex. Julho - outubro),2,,,,,,,,,,,,,,,,,,,,,,,,,,,,,,,,,,,,,,,,,,,,,,,,,,,,,,,,,,,,,,,,,,,,,,,,,,,,,,,,,,,,,,,,,
2020-09-14 16:15:12,2020-09-14 16:31:47,IP Address,191.248.63.30,100,994,True,2020-09-14 16:31:47,R_2cvLpsL6zlatgXI,,,,,-23.6266021728515625,-46.5637969970703125,qr,PT,Ícaro Freitas,icaro.freitas.agro@gmail.com,(34) 99187-1139,Assistente técnico / Consultor,,Sudeste,460,,,,503,1006,,,,,,Terceira safra (ex. Julho - outubro),100,Pivô,,1,3,4,2,5,70,Buva,,,,Buva,Buva,,,,,,Sim,Buva,2039,,,,1910,1987,,0,0,0,0,"PRÉ-emergente,PÓS-emergente",,,,"PRÉ-emergente,PÓS-emergente","PRÉ-emergente,PÓS-emergente",,,,,,1,Glifosato,2,Cletodin,3,Carfentrazona,1,Afalon,2,Sencor,3,Cletodin,1,Cletodin,2,Fluazifop,3,Linuron,Sim,Sim,Sim,Sim,Sim,2,1,3,4,5,,Sim,Sim,6,2,4,3,5,1,"Mao de obra pouco qualificada em manejo de plantas daninhas e o mercado prostituído de defensivos agrícolas são fatores que interferem diretamente no manejo e uso se tecnologias na época, dose e posicionamento correto.",Safari iPhone,13.1.1,iPhone,375x812,2.611,158.744,250.749,38
2020-09-07 18:20:23,2020-09-07 18:23:22,IP Address,179.189.143.94,48,179,False,2020-09-14 18:23:52,R_OjRHx5blAnDi9Al,,,,,,,qr,PT,,,,,,,,,,,0,,,,,,,,0,,,,,,,,15,,,,,,,,,,,,,,,,,,,,,,,,,,,,,,,,,,,,,,,,,,,,,,,,,,,,,,,,,,,,,,,,,,,,,,,,,,,,,,,,,
2020-09-07 18:56:43,2020-09-07 18:57:12,IP Address,134.215.147.19,48,28,False,2020-09-14 18:57:27,R_2s6AB6S7gh7gTxW,,,,,,,qr,PT,,,,,,,,,,,,,,,,,,,0,,,,,,,,,,,,,,,,,,,,,,,,,,,,,,,,,,,,,,,,,,,,,,,,,,,,,,,,,,,,,,,,,,,,,,,,,,,,,,,,,,,,,,,,,
2020-09-08 06:30:22,2020-09-08 06:34:54,IP Address,187.113.22.124,24,271,False,2020-09-15 06:35:08,R_3GjJTCztxDMSwOB,,,,,,,qr,PT,Marco Antonio Moreira de Freitas,marco.freitas@ifgoiano.edu.br,+5564999624190,Outro,Professor Agronomia,Centro-Oeste,,,,,,,,,,,,Plantio durante todas as épocas do ano,8,,,,,,,,,,,,,,,,,,,,,,,,,,,,,,,,,,,,,,,,,,,,,,,,,,,,,,,,,,,,,,,,,,,,,,,,,,,,,,,,,,,,,,,,,
2020-09-08 10:07:30,2020-09-08 10:09:28,IP Address,200.137.237.30,24,118,False,2020-09-15 10:09:56,R_2YE5dnG3XxTm4lB,,,,,,,qr,PT,Alexandre Azevedo,aiapereira@yahoo.com.br,64992874821,Produtor rural / Dono da propriedade,,Nordeste,,,,,,,,,,,,,0,,,,,,,,,,,,,,,,,,,,,,,,,,,,,,,,,,,,,,,,,,,,,,,,,,,,,,,,,,,,,,,,,,,,,,,,,,,,,,,,,,,,,,,,,
2020-09-08 12:48:50,2020-09-08 12:57:18,IP Address,179.126.239.28,12,508,False,2020-09-15 12:57:41,R_TozkHkmCOcxQKKB,,,,,,,qr,PT,Pedro Nogueira,pedroamnogueira@gmail.com,34992180063,Produtor rural / Dono da propriedade,,Sudeste,,,,,,,,,,,,,,,,,,,,,,,,,,,,,,,,,,,,,,,,,,,,,,,,,,,,,,,,,,,,,,,,,,,,,,,,,,,,,,,,,,,,,,,,,,,,,,,,,,,,,,
2020-09-08 17:40:39,2020-09-08 17:41:25,IP Address,191.248.168.142,12,45,False,2020-09-15 17:41:38,R_1JL0rC5ilF5cCvp,,,,,,,qr,PT,,,,Assistente técnico / Consultor,,Sudeste,,,,,,,,,,,,,,,,,,,,,,,,,,,,,,,,,,,,,,,,,,,,,,,,,,,,,,,,,,,,,,,,,,,,,,,,,,,,,,,,,,,,,,,,,,,,,,,,,,,,,,
2020-09-16 14:39:57,2020-09-16 15:07:20,IP Address,179.189.95.42,100,1643,True,2020-09-16 15:07:20,R_24GW5GHpCkjyAhD,,,,,-19.3744049072265625,-45.9510955810546875,qr,PT,"Gemison ",Gemisonlopes@yahoo.com.br,34 999526011,Produtor rural / Dono da propriedade,,Sudeste,140,,,,,,0,,,,,Plantio durante todas as épocas do ano,100,Pivô,,1,3,2,4,5,90,"Picao preto, fazendeiro, trapoeraba ",,,,,,,,,,,Sim,"Picao preto, fazendeiro, trapoeiraba na fase bem inicial ",3458,,,,,,,,,,,"Dessecante,PRÉ-emergente,PÓS-emergente",,,,,,,,,,,1,Glyfosato,2,Paraquat,3,,1,"Ronstar ",2,"Goal ",3,Fluminzyn,1,"Totril ",3,Verdict,2,"Select ",Não,Sim,Sim,Sim,Não,2,1,3,4,5,,Sim,Sim,1,2,5,4,6,3,,Safari iPhone,13.1.2,iPhone,375x812,25.674,395.609,398.419,43
2020-09-09 15:04:22,2020-09-09 15:13:05,IP Address,186.195.235.15,48,522,False,2020-09-16 15:13:05,R_Tisd8iav3LVkhAB,,,,,,,qr,PT,Eder,eder.oliveira@sakata.com.br,11975448250,Assistente técnico / Consultor,,Sudeste,0,,,0,5,2,0,,,,0,Plantio durante todas as épocas do ano,100,"Aspersão,Gotejamento",,1,2,3,4,5,75,,,,,"tiririca, ançarinha,buva",,,,,,,Sim,buva,0,0,,0,1229,651,,,0,,0,,,,,,,,,,,,,,,,,,,,,,,,,,,,,,,,,,,,,,,,,,,,,,,,,,,,,,,,,
2020-09-16 05:35:46,2020-09-16 05:36:21,IP Address,177.74.229.149,12,34,False,2020-09-23 05:36:52,R_1K2SOyQalbQY2mj,,,,,,,qr,PT,Juliano Miari,julianomiari@gmail.com,038999335851,Produtor rural / Dono da propriedade,,Sudeste,,,,,,,,,,,,,,,,,,,,,,,,,,,,,,,,,,,,,,,,,,,,,,,,,,,,,,,,,,,,,,,,,,,,,,,,,,,,,,,,,,,,,,,,,,,,,,,,,,,,,,
2020-09-16 05:54:18,2020-09-16 05:55:22,IP Address,45.6.201.128,12,64,False,2020-09-23 05:55:41,R_3HvKKwIVTlSSR1z,,,,,,,qr,PT,Lucas Coleta Weller,lucas_coleta@outlook.com,43998161003,Assistente técnico / Consultor,,Sul,,,,,,,,,,,,,,,,,,,,,,,,,,,,,,,,,,,,,,,,,,,,,,,,,,,,,,,,,,,,,,,,,,,,,,,,,,,,,,,,,,,,,,,,,,,,,,,,,,,,,,
2020-09-17 04:00:09,2020-09-17 04:03:17,IP Address,179.189.95.215,24,188,False,2020-09-24 04:04:02,R_2fdF8a0OF9i5CsC,,,,,,,qr,PT,Lucas,Lucas@coopacer,999445119,Assistente técnico / Consultor,,Sudeste,1500,,200,1035,206,1500,1000,,,,,Plantio durante todas as épocas do ano,100,,,,,,,,,,,,,,,,,,,,,,,,,,,,,,,,,,,,,,,,,,,,,,,,,,,,,,,,,,,,,,,,,,,,,,,,,,,,,,,,,,,,,,,,,
2020-09-17 06:05:59,2020-09-17 06:17:15,IP Address,167.250.175.110,24,675,False,2020-09-24 06:17:33,R_1MRJbP2E8Z468Xf,,,,,,,qr,PT,Lucy mara rocha,Rocha.batata@hotmail.com,18981297398,Produtor rural / Dono da propriedade,,Sudeste,,174,,0,,,,,,,,Plantio durante todas as épocas do ano,17,,,,,,,,,,,,,,,,,,,,,,,,,,,,,,,,,,,,,,,,,,,,,,,,,,,,,,,,,,,,,,,,,,,,,,,,,,,,,,,,,,,,,,,,,
2020-09-24 10:30:06,2020-09-24 10:44:50,IP Address,179.189.87.108,100,884,True,2020-09-24 10:44:50,R_88Od2YZSxPKMLD3,,,,,-18.8733978271484375,-46.1443023681640625,qr,PT,"Thiago Picinatti Raposo ",thiagopicinatti@yahoo.com.br,34999307326,Gerente da propriedade,,Sudeste,59,,,,,,265,,,,,Plantio durante todas as épocas do ano,100,Pivô,,1,2,4,3,5,57,Picao branco,,,,,,Nabo,,,,,Não,,4706,,,,,,2322,,,,,"PRÉ-emergente,PÓS-emergente",,,,,,PÓS-emergente,,,,,,,,,,,2,"Flumizyn ",1,Ronstar,3,Goal,2,Totrill,1,Dual gold,3,Verdict,Sim,Sim,Sim,Sim,Sim,4,1,3,2,5,,Sim,Sim,1,6,2,3,4,5,,Safari iPhone,13.1.2,iPhone,320x568,4.461,138.817,141.441,28
2020-09-27 14:38:29,2020-09-27 14:48:04,IP Address,187.73.215.2,100,575,True,2020-09-27 14:48:04,R_e9FDX5MwJ1BeNvH,,,,,-22.1230926513671875,-51.3881072998046875,qr,PT,,,,Produtor rural / Dono da propriedade,,Sudeste,,191,,,,,,,,,,Plantio durante todas as épocas do ano,20,Aspersão,,1,2,4,3,5,90,,"Caruru, marva, ",,,,,,,,,,Não,,0,4000,,,,,,,,,,,"PRÉ-emergente,PÓS-emergente",,,,,,,,,,1,Afalon,2,"Galant ",3,Verdicti,1,Afalon,2,,3,,1,Afalon,2,,3,,Não,Não,Não,Não,Não,3,1,5,2,4,,Não,Sim,5,3,6,4,2,1,,Chrome,79.0.3945.136,Android 10,360x800,4.842,133.252,133.701,36
2020-09-27 16:17:55,2020-09-27 16:27:51,IP Address,177.73.118.3,100,595,True,2020-09-27 16:27:51,R_sLvecm1ZYXMJYQN,,,,,-5.2610931396484375,-35.6045989990234375,qr,PT,Klebson Gomes Dos Santos,klebson_flabc@yahoo.com.br,84 988381732,Produtor rural / Dono da propriedade,,Nordeste,,10,0,,,0,,,,,,Plantio durante todas as épocas do ano,100,Gotejamento,,3,2,1,5,4,88,,"Carrapicho, bredo,gitirana",,,,,,,,,,Sim,Uma erva leitosa que não sei o nome,0,557,0,0,0,,,,,,,,"PRÉ-emergente,PÓS-emergente",,,,,,,,,,1,Não,2,Não,3,Não,1,Targa,2,Podium,3,Não,1,Podium,2,Targa,3,Não,Não,Não,Sim,Não,Não,2,1,3,4,5,,Não,Sim,1,2,3,4,5,6,,Chrome,85.0.4183.101,Android 8.1.0,360x640,5.178,119.688,122.043,31
2020-09-27 14:50:37,2020-09-27 14:53:42,IP Address,191.253.195.187,48,184,False,2020-10-04 14:54:03,R_2D5ozgaAxGtrAR6,,,,,,,qr,PT,,,,Assistente técnico / Consultor,,Sul,,15,,,0,,,,,,,Primeira safra (ex. novembro a janeiro),80,Aspersão,,2,4,3,1,5,89,,Buva,,,,,,,,,,Sim,Buva,0,813,,,,,,,,,,,,,,,,,,,,,,,,,,,,,,,,,,,,,,,,,,,,,,,,,,,,,,,,,,,,,,,,,,
2020-11-27 15:19:18,2020-11-27 15:19:53,IP Address,177.84.158.51,12,34,False,2020-12-04 15:19:54,R_2BrCCDHmosLzke6,,,,,,,qr,PT,João Vitor M. Leal,joao-vitorleal@hotmail.com,19982720710,Assistente técnico / Consultor,,Sudeste,,,,,,,,,,,,,,,,,,,,,,,,,,,,,,,,,,,,,,,,,,,,,,,,,,,,,,,,,,,,,,,,,,,,,,,,,,,,,,,,,,,,,,,,,,,,,,,,,,,,,,
